/locations/mill-creek               /locations                      301
/locations/everett                  /locations                      301
/locations/san-jose-costa-rica      /locations                      301
/locations/palouse                  /locations                      301
/times-locations                    /locations                      301
/watch-live                         /live                           301
/attend-online                      /live                           301
/what-we-do/womens-ministry         /women                          301
/what-we-do/groups/join             /groups/join                    301
/what-we-do/groups                  /groups                         301
/what-we-do/celebrate-recovery      /celebrate-recovery             301
/what-we-do/worship-ministry        /worship                        301
/what-we-do/mens-ministry           /men                            301
/what-we-do/young-adults            /young-adults                   301
/what-we-do/hope-for-healing        /her-choice-to-heal             301
/what-we-do/seattle-singles         /seattle-singles                301
/what-we-do/mops                    /mops                           301
/what-we-do/adult-ministry          /adult                          301
/what-we-do/marriage-ministry       /marriage                       301
/soml                               /internship                     301
/who-we-are/staff                   /staff                          301
/covid19-response                   /announcement/covid19-response  301
